{"cameraMode":{"drawMode":0,"name":"Shaded","section":"Shading Mode"},"sceneLighting":true,"audioPlay":false,"sceneViewState":{"m_AlwaysRefresh":false,"showFog":true,"showSkybox":true,"showFlares":true,"showImageEffects":true,"showParticleSystems":true,"showVisualEffectGraphs":true,"m_FxEnabled":true},"in2DMode":false,"pivot":{"x":7.889240264892578,"y":-4.558225631713867,"z":5.128312110900879},"rotation":{"x":0.22470159828662873,"y":0.33249300718307497,"z":-0.08189646899700165,"w":0.9122847318649292},"size":15.232230186462403,"orthographic":false}