{"cameraMode":{"drawMode":0,"name":"Shaded","section":"Shading Mode"},"sceneLighting":true,"audioPlay":false,"sceneViewState":{"m_AlwaysRefresh":false,"showFog":true,"showSkybox":true,"showFlares":true,"showImageEffects":true,"showParticleSystems":true,"showVisualEffectGraphs":true,"m_FxEnabled":true},"in2DMode":false,"pivot":{"x":-0.47537654638290408,"y":5.914443016052246,"z":10.20703411102295},"rotation":{"x":0.1626199632883072,"y":-0.04290591925382614,"z":0.007081218529492617,"w":0.9857413172721863},"size":31.068233489990236,"orthographic":false}