{"cameraMode":{"drawMode":0,"name":"Shaded","section":"Shading Mode"},"sceneLighting":true,"audioPlay":false,"sceneViewState":{"m_AlwaysRefresh":false,"showFog":true,"showSkybox":true,"showFlares":true,"showImageEffects":true,"showParticleSystems":true,"showVisualEffectGraphs":true,"m_FxEnabled":true},"in2DMode":false,"pivot":{"x":4.299310684204102,"y":6.862767219543457,"z":1.2618560791015626},"rotation":{"x":0.13449585437774659,"y":0.03715018928050995,"z":-0.005045827478170395,"w":0.9902055263519287},"size":19.2225341796875,"orthographic":false}