{"cameraMode":{"drawMode":0,"name":"Shaded","section":"Shading Mode"},"sceneLighting":true,"audioPlay":false,"sceneViewState":{"m_AlwaysRefresh":false,"showFog":true,"showSkybox":true,"showFlares":true,"showImageEffects":true,"showParticleSystems":true,"showVisualEffectGraphs":true,"m_FxEnabled":true},"in2DMode":false,"pivot":{"x":4.854913711547852,"y":9.251771926879883,"z":11.269708633422852},"rotation":{"x":0.17826974391937257,"y":0.39991408586502077,"z":-0.07961045205593109,"w":0.8955183625221252},"size":13.01866340637207,"orthographic":false}