{"cameraMode":{"drawMode":0,"name":"Shaded","section":"Shading Mode"},"sceneLighting":true,"audioPlay":false,"sceneViewState":{"m_AlwaysRefresh":false,"showFog":true,"showSkybox":true,"showFlares":true,"showImageEffects":true,"showParticleSystems":true,"showVisualEffectGraphs":true,"m_FxEnabled":true},"in2DMode":false,"pivot":{"x":1369.3927001953125,"y":860.60205078125,"z":1.7657470703125},"rotation":{"x":-0.002999990712851286,"y":-0.00450010085478425,"z":-0.000013514511920220684,"w":0.9999864101409912},"size":364.7936096191406,"orthographic":false}