{"cameraMode":{"drawMode":0,"name":"Shaded","section":"Shading Mode"},"sceneLighting":true,"audioPlay":false,"sceneViewState":{"m_AlwaysRefresh":false,"showFog":true,"showSkybox":true,"showFlares":true,"showImageEffects":true,"showParticleSystems":true,"showVisualEffectGraphs":true,"m_FxEnabled":true},"in2DMode":false,"pivot":{"x":0.7297611236572266,"y":0.3124692738056183,"z":0.26244163513183596},"rotation":{"x":0.0792582556605339,"y":0.20045949518680573,"z":-0.016272833570837976,"w":0.9763559699058533},"size":5.445432662963867,"orthographic":false}