{"cameraMode":{"drawMode":0,"name":"Shaded","section":"Shading Mode"},"sceneLighting":true,"audioPlay":false,"sceneViewState":{"m_AlwaysRefresh":false,"showFog":true,"showSkybox":true,"showFlares":true,"showImageEffects":true,"showParticleSystems":true,"showVisualEffectGraphs":true,"m_FxEnabled":true},"in2DMode":false,"pivot":{"x":95.43156433105469,"y":113.79398345947266,"z":-26.682491302490236},"rotation":{"x":0.10271351039409638,"y":0.10721363127231598,"z":-0.011136438697576523,"w":0.9888549447059631},"size":93.83068084716797,"orthographic":false}