{"cameraMode":{"drawMode":0,"name":"Shaded","section":"Shading Mode"},"sceneLighting":true,"audioPlay":false,"sceneViewState":{"m_AlwaysRefresh":false,"showFog":true,"showSkybox":true,"showFlares":true,"showImageEffects":true,"showParticleSystems":true,"showVisualEffectGraphs":true,"m_FxEnabled":true},"in2DMode":false,"pivot":{"x":337.0640869140625,"y":292.807373046875,"z":-0.542449951171875},"rotation":{"x":-0.010496784001588822,"y":-0.023996371775865556,"z":-0.0002519712143111974,"w":0.9996569156646729},"size":245.10098266601563,"orthographic":true}