{"cameraMode":{"drawMode":0,"name":"Shaded","section":"Shading Mode"},"sceneLighting":true,"audioPlay":false,"sceneViewState":{"m_AlwaysRefresh":false,"showFog":true,"showSkybox":true,"showFlares":true,"showImageEffects":true,"showParticleSystems":true,"showVisualEffectGraphs":true,"m_FxEnabled":true},"in2DMode":false,"pivot":{"x":409.479248046875,"y":227.5319061279297,"z":58.84089660644531},"rotation":{"x":-0.011990590021014214,"y":0.03898730129003525,"z":0.0004678700934164226,"w":0.9991675615310669},"size":280.2860107421875,"orthographic":true}