{"cameraMode":{"drawMode":0,"name":"Shaded","section":"Shading Mode"},"sceneLighting":true,"audioPlay":false,"sceneViewState":{"m_AlwaysRefresh":false,"showFog":true,"showSkybox":true,"showFlares":true,"showImageEffects":true,"showParticleSystems":true,"showVisualEffectGraphs":true,"m_FxEnabled":true},"in2DMode":false,"pivot":{"x":-0.9036484360694885,"y":2.0709009170532228,"z":6.195135116577148},"rotation":{"x":0.13900813460350038,"y":-0.02376459166407585,"z":0.0033368736039847137,"w":0.9900022745132446},"size":18.78711700439453,"orthographic":false}