{"cameraMode":{"drawMode":0,"name":"Shaded","section":"Shading Mode"},"sceneLighting":true,"audioPlay":false,"sceneViewState":{"m_AlwaysRefresh":false,"showFog":true,"showSkybox":true,"showFlares":true,"showImageEffects":true,"showParticleSystems":true,"showVisualEffectGraphs":true,"m_FxEnabled":true},"in2DMode":false,"pivot":{"x":0.4035092890262604,"y":1.6192071437835694,"z":-0.8304888010025024},"rotation":{"x":0.10271351039409638,"y":0.10721363127231598,"z":-0.011136438697576523,"w":0.9888549447059631},"size":4.1690826416015629,"orthographic":false}