{"cameraMode":{"drawMode":0,"name":"Shaded","section":"Shading Mode"},"sceneLighting":true,"audioPlay":false,"sceneViewState":{"m_AlwaysRefresh":false,"showFog":true,"showSkybox":true,"showFlares":true,"showImageEffects":true,"showParticleSystems":true,"showVisualEffectGraphs":true,"m_FxEnabled":true},"in2DMode":false,"pivot":{"x":28.067155838012697,"y":109.15426635742188,"z":-12.897319793701172},"rotation":{"x":0.10271351039409638,"y":0.10721363127231598,"z":-0.011136438697576523,"w":0.9888549447059631},"size":93.83068084716797,"orthographic":false}