{"cameraMode":{"drawMode":0,"name":"Shaded","section":"Shading Mode"},"sceneLighting":true,"audioPlay":false,"sceneViewState":{"m_AlwaysRefresh":false,"showFog":true,"showSkybox":true,"showFlares":true,"showImageEffects":true,"showParticleSystems":true,"showVisualEffectGraphs":true,"m_FxEnabled":true},"in2DMode":false,"pivot":{"x":-0.6059019565582275,"y":-0.37052279710769656,"z":-3.721529245376587},"rotation":{"x":0.115763358771801,"y":0.1277630776166916,"z":-0.015016870573163033,"w":0.9849115610122681},"size":6.3910064697265629,"orthographic":false}