{"cameraMode":{"drawMode":0,"name":"Shaded","section":"Shading Mode"},"sceneLighting":true,"audioPlay":false,"sceneViewState":{"m_AlwaysRefresh":false,"showFog":true,"showSkybox":true,"showFlares":true,"showImageEffects":true,"showParticleSystems":true,"showVisualEffectGraphs":true,"m_FxEnabled":true},"in2DMode":false,"pivot":{"x":4.752923965454102,"y":10.319401741027832,"z":3.7150211334228517},"rotation":{"x":0.06591948121786118,"y":0.031426314264535907,"z":-0.002077005337923765,"w":0.9973288774490356},"size":19.965755462646486,"orthographic":false}